{
  "mean": {
    "len_old": 36508.964943204075,
    "len_new": 36534.97169996083,
    "len_diff": 2841.0467097532314,
    "len_comment": 31.884841363102232,
    "delta_len": 26.006756756756758,
    "abs_delta_len": 582.8477281629456,
    "ratio_new_old": 92.94470387996336,
    "ratio_diff_new": 71.55443399167804,
    "num_excl": 30.94741480611046,
    "num_qm": 6.65560125342734,
    "num_caps": 1515.4623971797885,
    "caps_ratio": 0.04532887342362942,
    "comment_num_excl": 0.006854680767724246,
    "comment_num_qm": 0.005679592636114375,
    "comment_caps": 1.3895417156286722,
    "comment_caps_ratio": 0.032385964635114735
  },
  "std": {
    "len_old": 57060.039622623204,
    "len_new": 56934.217369178616,
    "len_diff": 7698.2440687290255,
    "len_comment": 57.27568097138415,
    "delta_len": 5391.147546055196,
    "abs_delta_len": 5359.608524657264,
    "ratio_new_old": 1949.9143327916825,
    "ratio_diff_new": 3173.719359525932,
    "num_excl": 129.94523558210878,
    "num_qm": 17.702339074182174,
    "num_caps": 2326.6796159993446,
    "caps_ratio": 0.01847407628113494,
    "comment_num_excl": 0.11855567171867518,
    "comment_num_qm": 0.08494012917189185,
    "comment_caps": 3.533828613971568,
    "comment_caps_ratio": 0.05588470464225747
  }
}