{
  "mean": {
    "len_old": 6039.433616742969,
    "len_new": 6197.405493786789,
    "len_diff": 1232.3557880967953,
    "len_comment": 34.0595160235448,
    "delta_len": 157.9718770438195,
    "abs_delta_len": 285.58077174623935,
    "ratio_new_old": 49.305188570500476,
    "ratio_diff_new": 22.888614765241538,
    "num_excl": 6.021909744931327,
    "num_qm": 3.8780248528449968,
    "num_caps": 230.5251798561151,
    "caps_ratio": 0.04203527093861108,
    "comment_num_excl": 0.03858731196860693,
    "comment_num_qm": 0.014061478090255068,
    "comment_caps": 1.485611510791367,
    "comment_caps_ratio": 0.035438542616947996
  },
  "std": {
    "len_old": 13153.398765480737,
    "len_new": 13169.379125578324,
    "len_diff": 1661.7767029799006,
    "len_comment": 68.67186026728191,
    "delta_len": 897.3904875460756,
    "abs_delta_len": 865.2686915557771,
    "ratio_new_old": 369.09527099618157,
    "ratio_diff_new": 376.19837015165945,
    "num_excl": 36.384839826511254,
    "num_qm": 24.771150815976,
    "num_caps": 555.7525302662457,
    "caps_ratio": 0.025817174448122465,
    "comment_num_excl": 0.48309556056450087,
    "comment_num_qm": 0.13582319854637867,
    "comment_caps": 3.7305319282823715,
    "comment_caps_ratio": 0.06893530085195274
  }
}