{
  "mean": {
    "len_old": 5691.5187259362965,
    "len_new": 5816.329366468323,
    "len_diff": 1266.2719635981798,
    "len_comment": 30.931746587329368,
    "delta_len": 124.8106405320266,
    "abs_delta_len": 276.1463073153658,
    "ratio_new_old": 43.602809189370376,
    "ratio_diff_new": 40.07423035160412,
    "num_excl": 4.236261813090654,
    "num_qm": 2.80014000700035,
    "num_caps": 212.29506475323765,
    "caps_ratio": 0.04099314503285823,
    "comment_num_excl": 0.012600630031501575,
    "comment_num_qm": 0.015050752537626881,
    "comment_caps": 1.2747637381869092,
    "comment_caps_ratio": 0.03349984011119411
  },
  "std": {
    "len_old": 9208.790711987525,
    "len_new": 9204.918533232902,
    "len_diff": 1722.200626869348,
    "len_comment": 59.71143168384157,
    "delta_len": 990.632446698858,
    "abs_delta_len": 959.5062851382098,
    "ratio_new_old": 369.6736395707325,
    "ratio_diff_new": 617.3094713095662,
    "num_excl": 28.52190619155349,
    "num_qm": 15.98842893859083,
    "num_caps": 414.69691957523224,
    "caps_ratio": 0.028728842638884512,
    "comment_num_excl": 0.18098158413253304,
    "comment_num_qm": 0.22168252847638079,
    "comment_caps": 3.7596426197159145,
    "comment_caps_ratio": 0.06537228978990169
  }
}