{
  "mean": {
    "len_old": 6168.765346534654,
    "len_new": 6291.737953795379,
    "len_diff": 1296.8498349834983,
    "delta_len": 122.97260726072608,
    "abs_delta_len": 292.34950495049503,
    "ratio_new_old": 39.68565491986489,
    "ratio_diff_new": 43.01049521873117,
    "num_excl": 7.054455445544554,
    "num_qm": 3.9722772277227723,
    "num_caps": 235.7016501650165,
    "caps_ratio": 0.0415514524837612
  },
  "std": {
    "len_old": 12933.474865089049,
    "len_new": 12938.633458656403,
    "len_diff": 1821.7958104935992,
    "delta_len": 1017.4327772220945,
    "abs_delta_len": 982.2424655352557,
    "ratio_new_old": 345.8076481090253,
    "ratio_diff_new": 674.1262387886813,
    "num_excl": 39.83786890503199,
    "num_qm": 23.345791327196654,
    "num_caps": 571.4949513884144,
    "caps_ratio": 0.02969223408711541
  }
}