{
  "mean": {
    "len_old": 4102.58934169279,
    "len_new": 932.6081504702195,
    "len_diff": 20.369905956112852,
    "delta_len": -3169.9811912225705,
    "abs_delta_len": 3444.394984326019,
    "ratio_new_old": 58.49812515944114,
    "ratio_diff_new": 0.13247108794131227,
    "num_excl": 0.4200626959247649,
    "num_qm": 0.3072100313479624,
    "num_caps": 34.57680250783699,
    "caps_ratio": 0.04473648282306014
  },
  "std": {
    "len_old": 6984.652792116937,
    "len_new": 906.7363967222823,
    "len_diff": 11.20314857713859,
    "delta_len": 6839.010069848864,
    "abs_delta_len": 6704.571193880429,
    "ratio_new_old": 278.7758946553183,
    "ratio_diff_new": 0.7036663315679783,
    "num_excl": 1.32193825528042,
    "num_qm": 0.784867526633931,
    "num_caps": 34.60331664851256,
    "caps_ratio": 0.03466310929767707
  }
}