{
  "mean": {
    "len_old": 6297.571224051539,
    "len_new": 6187.200429491768,
    "len_diff": 1244.3239083750896,
    "delta_len": -110.37079455977094,
    "abs_delta_len": 294.3292770221904,
    "ratio_new_old": 45.13049417414774,
    "ratio_diff_new": 43.905271564533805,
    "num_excl": 6.957408732999284,
    "num_qm": 4.037938439513242,
    "num_caps": 232.1270579813887,
    "caps_ratio": 0.03826739598989308
  },
  "std": {
    "len_old": 14840.702206410268,
    "len_new": 14841.907763976515,
    "len_diff": 1563.2841340828022,
    "delta_len": 1009.0481141248861,
    "abs_delta_len": 971.4439924076613,
    "ratio_new_old": 658.9366186824693,
    "ratio_diff_new": 351.3953458230143,
    "num_excl": 39.01315765652349,
    "num_qm": 28.329173333696172,
    "num_caps": 614.7756639950912,
    "caps_ratio": 0.02606151284795273
  }
}