{
  "mean": {
    "len_old": 6322.912066115702,
    "len_new": 6422.144462809917,
    "len_diff": 1287.4535537190084,
    "delta_len": 99.23239669421487,
    "abs_delta_len": 294.1752066115703,
    "ratio_new_old": 43.38581727590056,
    "ratio_diff_new": 54.983625172726164,
    "num_excl": 6.916363636363636,
    "num_qm": 4.255867768595041,
    "num_caps": 239.82314049586776,
    "caps_ratio": 0.041803407187496706
  },
  "std": {
    "len_old": 14764.46249008862,
    "len_new": 14738.763222423939,
    "len_diff": 2069.060070332488,
    "delta_len": 1433.8614352917004,
    "abs_delta_len": 1406.855099461133,
    "ratio_new_old": 396.6787472832453,
    "ratio_diff_new": 1212.1499858724599,
    "num_excl": 40.558827221807846,
    "num_qm": 28.397592620664174,
    "num_caps": 622.5973066199156,
    "caps_ratio": 0.02987023285471351
  }
}